FED,Province_Territory,All_Households,Under_5000,5000_9999,10000_14999,15000_19999,20000_24999,25000_29999,30000_39999,40000_and_over,Avg_Income,Median_Income,SE_Avg_Income,Avg_Value_Dwelling,Less_than_Grade9,Grades9_13_no_cert,Grades9_13_with_cert,Trades_cert,Other_nonuniv_no_cert,Other_nonuniv_with_cert,Univ_no_degree,Univ_with_degree
Canada,Canada,8281535,629500,1116830,1051130,1041280,1060530,910505,1259305,1212460,24460,21304,15,73955,,,,,,,,
Newfoundland - Terre-Neuve,Newfoundland,148420,12745,22500,22640,22465,20335,15620,18320,13595,21198,18584,81,40305,,,,,,,,
Bonavista-Trinity-Conception,Newfoundland,20700,2190,4415,4020,3340,2650,1540,1555,985,17227,14622,172,33033,20110,15490,6040,960,1420,6095,2760,1415
Burin-St. George's (Saint-Georges),Newfoundland,15745,1325,2775,2615,2945,2395,1435,1515,750,18649,16956,205,26576,18070,11345,3805,1060,1010,4955,1870,950
Gander-Twillingate,Newfoundland,20045,1665,3945,3665,3515,2510,1745,1795,1100,18301,15511,177,29852,19765,15760,5765,955,1230,6240,2730,1430
Grand Falls-White Bay-Labrador,Newfoundland,19635,1115,2050,2540,2870,2775,3055,2365,2838,23938,20417,220,32309,16515,15175,5590,1395,1355,7110,3355,2285
Humber-Port au Port-St. Barbe (Sainte-Barbe),Newfoundland,20510,1990,3185,3220,2945,2800,2235,2475,1665,20417,18081,205,37745,17715,16135,5730,1360,1585,7050,4020,2260
St. John's East (Saint-Jean-Est),Newfoundland,25670,2320,3035,3095,3160,3325,2800,3945,3995,25065,21918,248,63656,13165,19515,6615,1285,2770,10380,8060,6335
St. John's West (Saint-Jean-Ouest),Newfoundland,26115,2140,3195,3485,3690,3695,3085,3980,2840,22861,20728,201,52817,15420,21090,6795,1340,2620,10885,6555,3775
Prince Edward Island - Île-du-Prince-Édouard,PEI,37660,3460,6920,6745,4595,4220,3645,3815,2600,19338,16392,154,40230,,,,,,,,
Cardigan,PEI,9350,855,1700,1765,1430,1130,985,930,550,18721,16130,279,38394,5810,7520,1880,560,905,3065,2160,1220
Egmont,PEI,9055,925,1960,1805,1385,995,720,775,485,17866,14434,319,33334,7170,7105,2010,600,675,2355,1605,960
Hillsborough,PEI,9460,925,1630,1525,1320,1080,995,1005,985,20968,17294,341,54869,3210,5940,1790,530,1315,3270,3050,2035
Malpeque,PEI,9795,755,1630,1655,1740,1390,950,1105,580,19711,17669,285,38594,5180,7990,1860,690,1175,3710,2185,1295
Nova Scotia - Nouvelle-Écosse,Nova Scotia,273190,25075,43500,43475,41620,37295,28065,31340,22825,20476,17894,58,42995,,,,,,,,
Annapolis Valley-Hants,Nova Scotia,26600,2650,4925,4925,4610,3500,2405,1870,1470,18554,16352,167,41235,13085,21465,4625,2240,2665,9970,4180,3685
Cape Breton Highlands-Canso,Nova Scotia,18740,1870,3540,3340,2800,2070,1720,1750,1220,17600,18073,201,33795,11495,16950,3335,1385,1355,6365,3160,3280
Cape Breton-East Richmond (Est),Nova Scotia,18450,1750,2765,2930,2740,2040,1885,1885,1180,19415,17435,201,32712,11425,17975,3570,1860,1575,6635,3060,1860
Cape Breton-The Sydneys,Nova Scotia,19415,2240,3040,3225,3520,2500,1955,1865,1365,20137,19187,217,37238,10880,18300,3685,1705,1665,6120,4265,2735
Central Nova,Nova Scotia,20545,2240,3825,3265,3520,2660,1935,1905,1185,18501,16264,188,34041,11250,18225,3505,1835,1670,6715,2825,1950
Cumberland-Colchester,Nova Scotia,25365,3070,5155,4610,4215,3230,2315,2305,1470,17913,15345,166,35863,11820,22020,5385,2235,2200,8890,4100,2970
Dartmouth-Halifax East (Est),Nova Scotia,31685,2210,3145,3780,4345,4685,4015,5485,4035,24057,22462,170,54480,9105,24420,6590,2990,3125,14300,7435,6585
Halifax,Nova Scotia,29225,3090,4440,3655,3945,3480,2710,3450,3455,27852,22179,227,75863,8655,16395,4845,1690,2330,8825,7965,11180
Halifax West (Ouest),Nova Scotia,33350,1845,3920,4020,4670,5445,4385,5355,4595,24971,22733,179,58482,9750,24230,6975,2590,3675,14595,8100,8205
South Shore,Nova Scotia,25685,2160,4605,4505,4280,3565,2580,2390,1530,16862,18128,173,38709,17620,19475,4205,1760,1750,8145,3155,2395
New Brunswick - Nouveau-Brunswick,New Brunswick,,,,,,,,,,,,,38610,,,,,,,,
South West Nova,Nova Scotia,23135,2295,4950,4580,3650,2820,1765,1840,1230,17719,14682,186,36103,15245,18320,3915,1900,2015,7045,3190,2405
Carleton-Charlotte,New Brunswick,21250,2125,4105,3825,3310,2705,2075,1915,1175,18234,15727,179,34107,14045,14560,5190,1320,1710,6890,3140,2170
Fundy-Royal,New Brunswick,26635,2250,4050,3855,3840,4260,3010,3710,2455,21455,19244,179,41522,14625,19795,7240,2100,2125,8895,4460,3635
Gloucester,New Brunswick,19570,1835,3535,3235,3120,2390,1765,1980,1365,19471,16206,208,34791,19915,14100,4890,1310,1265,4900,2910,2620
Madawaska-Victoria,New Brunswick,17185,1890,3535,3110,2650,2095,1530,1460,810,17185,15084,207,36742,14110,10395,6010,965,1310,4340,2905,1965
Moncton,New Brunswick,30010,2740,4115,4350,4355,4260,3350,4140,2710,21380,19382,187,44218,13990,19845,7895,1480,3455,10795,6595,5050
Northumberland-Miramichi,New Brunswick,15725,1605,3070,2920,2700,1870,1400,1410,750,17783,15476,200,31126,13315,12700,3940,1160,1045,4610,2030,1500
Restigouche,New Brunswick,15665,1390,2595,2670,2330,2135,1655,1675,1205,19056,17450,232,35485,13455,11315,4095,1085,1130,4925,2175,1755
Saint John (Saint-Jean),New Brunswick,23600,2145,3885,3560,3190,2590,2495,3055,2290,18495,18495,216,44621,11670,15675,5950,1810,2360,6625,4335,3175
Westmorland-Kent,New Brunswick,17770,1410,3440,3275,2970,2305,1695,1595,955,18486,16030,202,32952,16790,12025,4215,1055,1305,4690,2545,2055
York-Sunbury,New Brunswick,27500,1955,3590,3915,4020,4095,3290,3930,2705,22340,20292,185,46253,12035,17370,7045,1710,2290,9325,6555,7195
Quebec,Quebec,2172855,204925,302025,286630,292345,285890,231150,298425,271460,23869,20007,29,51887,,,,,,,,
Abitibi,Quebec,29465,2715,3335,3180,4010,4440,3410,4260,4125,23954,21523,209,39025,23290,18145,10600,4020,3555,6900,2885,2675
Argenteuil-Papineau,Quebec,22050,2165,3765,3550,3110,2545,1810,2465,1810,19917,17126,204,43731,17225,11770,8465,2485,2695,4920,2195,2055
Beauce,Quebec,23865,2005,3595,3755,3895,3295,2225,2700,1995,20471,17735,202,36972,21210,13095,9910,3185,2585,5805,1810,2120
Beauharnois-Salaberry,Quebec,25690,2330,4080,3710,3415,3510,2785,3295,2330,20644,18466,184,44338,18340,13605,9485,2480,4020,7030,2540,2255
Bellechasse,Quebec,23550,2345,4445,4300,3745,2920,1770,2245,1805,19090,15801,200,35312,25510,10795,9050,3355,2735,6365,1685,1825
Berthier-Maskinongé-Lanaudière,Quebec,22750,2310,4310,3885,3350,3075,2065,2245,1590,18969,16077,198,38550,20435,11350,8805,2750,2940,5790,1750,1375
Blainville-Deux-Montagnes,Quebec,34970,2225,3445,3505,4340,5265,4515,5330,6734,25576,23639,181,51287,18045,17405,15840,3335,5965,11035,5295,4745
Bonaventure-Îles-de-la-Madeleine,Quebec,16430,1345,3200,2895,2215,2080,1555,1705,1445,19922,16526,234,33566,15700,9605,7110,2615,1960,4400,1785,1320
Bourassa,Quebec,34725,3460,5265,4810,4920,4885,3705,4370,3295,20965,18752,161,65861,22655,15910,14115,3025,6065,9495,4125,2485
Chambly,Quebec,33905,2110,4105,3825,5050,4885,4700,6450,2000,25143,25143,197,50503,17185,18280,15325,3030,6310,11535,5140,5235
Champlain,Quebec,25550,2635,4105,3825,3335,3805,2835,3100,2000,20150,18479,182,39063,16840,11485,11415,3500,4040,9065,2545,2275
Charlesbourg,Quebec,40555,2110,3325,3680,5385,5665,5360,8245,6775,26791,25080,153,52389,18370,17890,22000,4750,7740,15645,5600,7745
Charlevoix,Quebec,20260,1540,3040,3055,2930,2905,1935,2665,2475,21635,19209,214,35869,18060,12250,8690,3225,2735,6135,1865,1820
Châteauguay,Quebec,27760,1715,2725,3725,3835,4135,3755,5030,3895,24754,23398,179,44478,15370,15425,13085,2740,4755,8890,3795,2605
Chicoutimi,Quebec,20350,2060,2275,2275,3070,3060,2255,2785,2475,22740,20608,283,45688,11210,9745,8890,4465,3300,7350,3405,3405
Dollard,Quebec,36970,1825,1850,3705,4325,4535,4410,6970,8340,29322,26123,213,76584,10825,16075,13485,1910,7570,11495,11505,12050
Drummond,Quebec,24725,2635,4110,3505,3715,3540,2210,2385,2025,17002,17002,211,40215,17305,11455,9415,3060,4180,7100,2145,2285
Duvernay,Quebec,31195,1390,2350,2350,3410,4045,5910,6505,6505,26411,28750,212,56503,14840,15620,15640,3380,7300,11490,5870,5230
Frontenac,Quebec,21380,1665,3345,2740,3305,3325,2385,2700,1925,21363,19535,207,39681,17615,9770,8300,2800,3065,7430,1775,1660
Gamelin,Quebec,33110,3005,4475,4520,4525,4270,3555,4845,3920,22690,20031,195,67455,19245,11540,12615,2015,5565,9490,4920,4185
Gaspé,Quebec,16285,1200,2675,2495,2445,2105,1465,1710,1710,21422,18551,239,35520,16590,9630,6610,2260,2230,4635,1520,1355
Gatineau,Quebec,30490,2315,3670,3045,3820,4135,3785,5335,4380,24435,22825,202,44179,17110,18480,12730,3310,4880,9525,4100,3940
Hochelaga-Maisonneuve,Quebec,28580,4910,5910,4560,4160,3255,2130,2340,1325,16197,13635,149,45900,20935,11745,8880,1600,3680,5045,2870,2105
Hull,Quebec,29420,2810,3765,3595,3535,3710,2130,4260,4515,24064,20902,252,53940,13675,14615,9015,2195,5090,7905,5220,6870
Joliette,Quebec,30525,2720,4980,4425,4125,4065,3595,3895,2725,21186,18742,185,44540,21230,14270,12925,3710,4470,8920,2945,3015
Jonquière,Quebec,20610,1815,2385,2510,2735,3375,2425,2980,2155,22519,21064,205,44483,11520,9855,8125,4055,4205,8260,2720,2720
Kamouraska-Rivière-du-Loup,Quebec,21640,2250,4280,3470,3185,2610,1825,1695,1695,19385,16228,212,38938,17770,10195,9580,2545,3175,6490,1680,2225
La Prairie,Quebec,37985,1965,2920,3610,4360,4735,4600,7150,8650,29509,26260,213,64924,13090,16810,14445,2675,7385,13025,8840,11195
Labelle,Quebec,32090,3445,5000,4965,4435,4130,2990,3905,3225,20868,18067,181,50095,20490,14985,12760,3495,4965,8540,3510,3430
Lac-Saint-Jean,Quebec,21555,1820,2500,2845,3175,3615,3210,3610,1810,22264,20419,288,42244,13530,12195,9520,4955,3585,7880,2670,2445
Lachine,Quebec,28755,1350,3175,3610,3390,3835,3610,4640,6150,32348,26316,301,81814,7075,11970,8760,1385,5695,9405,9670,10980
Langelier,Quebec,29350,5035,6070,3045,3615,4535,1925,2880,2250,18217,13806,219,45618,16095,8990,8975,1655,3685,5945,4375,6895
LaSalle,Quebec,34195,2850,5410,4410,4875,4955,4075,5465,3045,22820,21054,162,68909,19755,15820,12915,2395,5935,9330,5505,3430
Laurier,Quebec,27980,5630,5930,4580,3640,3015,2025,1895,1265,15346,12406,153,42722,18805,8605,6400,1160,3275,4985,4950,5550
Laval,Quebec,35915,2010,2680,3415,4355,5155,4750,7215,6335,27457,25341,197,55029,17250,18660,16795,3135,7620,12080,7300,5650
Laval-des-Rapides,Quebec,35390,4335,4485,3415,4425,4285,3840,5720,5175,24961,21557,214,72858,14985,13405,13900,2815,7130,10960,7230,7290
Lévis,Quebec,35810,2985,3925,4000,4700,5350,4695,6235,4535,24377,22540,175,48624,19635,14455,16025,4065,6220,13740,4330,6295
Longueuil,Quebec,45320,4400,5625,5985,6760,6155,6205,6205,4940,21909,19918,144,53299,21790,21450,16565,3700,7615,12930,6255,6680
Lotbinière,Quebec,25300,2215,4035,3950,3825,3625,2900,2185,2185,20851,20851,207,42228,20685,11950,8930,2770,3810,7390,1975,2275
Louis-Hébert,Quebec,35470,2070,2965,3485,3990,5530,6105,6105,5175,30567,24563,266,65689,8365,10890,14245,2350,6935,13760,8960,16450
Manicouagan,Quebec,23920,1530,2100,2730,3090,3290,3810,3810,4640,27318,26302,218,36429,15015,13370,9415,3480,3370,8765,2495,2560
Matapédia-Matane,Quebec,17770,1795,3760,3055,2585,2000,1500,1655,1425,18849,15469,218,34539,15055,8410,7900,3010,2215,4800,1760,1505
Mégantic-Compton-Stanstead,Quebec,24985,2635,4155,4160,3780,3440,2280,2660,1865,19530,16876,193,38198,18115,13645,8990,2685,3110,6365,2540,2745
Missisquoi,Quebec,24515,1680,4010,3975,3495,3470,2515,2765,1930,20149,17911,195,46768,16940,13110,8920,2420,3095,5715,2855,2765
Montmorency-Orléans,Quebec,26070,2805,2825,3415,3410,3935,3350,4030,3305,24675,22595,315,49750,16320,10940,13720,3120,4370,9195,3090,3355
Montréal-Mercier,Quebec,30800,2670,3775,3480,4245,4435,3795,5055,3885,23550,21817,171,53195,21200,14805,14415,2800,5945,9370,3300,2360
Montréal-Sainte-Marie,Quebec,29555,5490,6695,4575,4220,3020,2105,2180,1265,15551,12782,156,42166,20800,11210,8110,1555,3715,5025,3480,3180
Mount Royal,Quebec,23665,880,1715,2260,2390,2430,2290,3725,8515,40304,29898,312,157024,11330,12450,9090,980,5690,6740,11410,15460
Notre-Dame-de-Grâce-Lachine,Quebec,33720,3785,5180,4920,4525,3770,3050,4100,4385,22320,18238,223,88786,14105,12610,9020,1410,4820,7410,8445,9570
Outremont,Quebec,32865,4635,5510,4385,3120,3780,3130,4100,4100,23313,21143,410,107251,12505,9350,7015,1100,4155,6475,8985,15125
Papineau,Quebec,30070,4635,6300,5250,4435,3385,2275,2410,1385,16335,13778,141,48621,22185,10910,9010,1665,4000,5950,3505,2500
Pontiac-Gatineau-Labelle,Quebec,21890,2305,4045,3630,2990,2490,1970,2420,2045,20080,16491,230,40161,18775,12805,6450,2900,2475,4370,2250,2570
Portneuf,Quebec,25780,1870,3340,3390,3755,3135,3550,3225,2595,22107,20484,172,40917,18190,11470,11920,3550,3680,8695,2255,3195
Québec-Est,Quebec,28990,3770,4600,4430,4430,4140,2650,3130,2185,19059,16834,169,47748,18500,11865,12660,2330,4690,8140,2825,2745
Richelieu,Quebec,25510,2385,3805,3370,3585,3155,3470,3225,2785,22003,20115,210,41043,18255,11515,10430,3980,4350,9615,2645,2800
Richmond-Wolfe,Quebec,20130,1790,3500,2860,2780,2130,2130,2470,1470,20084,18442,202,38216,16080,10980,7100,2835,2140,5520,1675,1470
Rimouski-Témiscouata,Quebec,23800,2170,4070,3590,3240,2425,2425,3225,2195,20994,18095,203,40529,16985,10230,11335,3375,3950,7415,3055,3085
Roberval,Quebec,19310,1585,2650,3040,3245,2720,1890,2440,1740,21377,18743,242,37825,15195,12220,8270,3775,2270,5545,1860,1660
Rosemont,Quebec,31040,4375,5645,4785,4625,3490,2835,3015,2260,18241,15579,156,54184,23005,11225,10055,1650,4655,6405,3555,2530
Saint-Denis,Quebec,33275,4275,5430,3955,5055,5015,2920,3410,2480,16160,16160,155,60923,22635,11220,10005,1660,4810,7025,5165,4415
Saint-Henri-Westmount,Quebec,34980,3255,4525,4115,3605,3725,3490,9390,2935,22410,22410,430,159046,10750,10015,7555,905,4200,5960,9535,18430
Saint-Hyacinthe-Bagot,Quebec,27665,2420,4000,4255,4110,3605,3210,3605,2935,18729,18729,203,47201,21175,13085,11185,3275,3635,7105,2020,2710
Saint-Jacques,Quebec,33260,7615,7795,5365,4120,2850,1875,1975,1660,14824,10969,164,51811,18255,9870,5895,990,2825,4960,5765,7850
Saint-Jean,Quebec,29480,2710,4110,4035,4405,4090,3275,3635,2625,22062,19399,255,47059,19180,14780,12210,3090,4650,8630,3335,3225
Saint-Léonard-Anjou,Quebec,42410,2985,4825,4625,5965,6075,5310,7495,6085,26915,24919,155,90714,26250,17465,18365,3275,7615,12800,7105,5460
Saint-Maurice,Quebec,23785,2670,3980,3475,3230,3545,2615,2460,1810,17662,17937,188,38924,14765,9835,10485,3290,3915,8870,2500,2150
Saint-Michel,Quebec,29195,2945,4235,4215,4285,3725,3105,3600,3080,21345,18753,185,67404,18975,11105,10855,1990,5290,7850,4205,3945
Shefford,Quebec,31490,2345,4380,3760,5000,4690,3730,3805,2765,21432,20294,176,44655,21670,16765,11995,3410,4215,8220,2945,3050
Sherbrooke,Quebec,29265,3795,5150,3690,4405,4000,2650,3220,2895,20284,16548,153,46244,14995,11775,9355,2495,4610,8125,4715,6450
Témiscamingue,Quebec,24940,2695,2695,3255,3255,3220,2670,3150,3150,21421,18856,203,36503,18890,14275,7960,3640,3240,5995,2715,2280
Terrebonne,Quebec,40405,2305,3690,3175,5175,6450,5935,7830,5450,25241,24225,147,49318,23550,20210,19670,4875,6785,13725,4595,3990
Trois-Rivières,Quebec,25820,3505,4140,3640,3065,2100,2530,3285,2550,20695,17686,213,43644,14915,10075,9790,2385,4455,8285,3970,4765
Vaudreuil,Quebec,39875,2270,3370,3550,4470,5235,4980,7980,8030,28332,25932,197,54880,15955,18215,16180,3055,7050,13830,9390,9070
Verchères,Quebec,37085,2270,2710,2975,3785,5120,5110,5785,8030,28725,25932,193,56358,15865,15695,16660,3330,6890,14220,7145,8005
Verdun-Saint-Paul,Quebec,30830,4230,4935,4635,4365,3815,2790,3475,2580,19490,16827,174,49905,19300,13900,9860,1905,4080,5770,3700,3535
Ontario,Ontario,2969785,187810,375560,356190,360095,387775,344315,489690,468345,25577,22553,26,78218,,,,,,,,
Algoma,Ontario,24805,1810,3270,2650,2775,3675,3175,4220,3120,23709,22599,212,49798,13250,19845,7595,2555,2820,7265,3090,2405
Beaches,Ontario,27130,1885,3670,3815,3280,2900,2900,4405,3510,23792,21486,195,90117,12070,18585,6705,1525,3670,6140,5015,5795
Brampton-Georgetown,Ontario,50905,1450,2575,3425,4505,6890,7555,13325,11185,30465,29403,151,86634,13945,40200,18125,4530,7885,21075,9725,7730
Brant,Ontario,36080,2640,5130,4580,4735,5520,4250,5425,3770,22845,20907,220,56212,15530,27535,9555,3045,4375,10815,4340,3975
Broadview-Greenwood,Ontario,26770,2190,3505,4580,3820,3375,2860,3375,3375,22845,22499,201,93214,14825,16415,5815,1295,3205,6450,4740,6065
Bruce-Grey,Ontario,26415,4765,4005,3995,3215,3000,2260,2375,2375,20594,19258,242,52245,13115,17625,7920,2660,3300,8580,2880,2670
Burlington,Ontario,37885,1195,2675,2870,3580,4680,4645,8710,9535,31673,29209,221,87557,6920,25475,12265,2820,5980,15050,9055,10355
Cambridge,Ontario,27010,1460,1580,3255,3610,4410,3885,4240,3905,23501,21901,215,57527,13340,20285,7585,2145,3165,8250,3250,2825
Cochrane-Superior (Supérieur),Ontario,18815,1305,1535,1535,2035,2715,2565,3540,3100,25911,24396,250,44222,12080,14445,5510,1980,1730,4820,2290,2030
Davenport,Ontario,21775,1435,2740,3010,3440,3185,2725,3010,2225,22381,20366,198,78234,21570,14045,5000,1505,2570,4520,2975,2790
Don Valley East (Est),Ontario,36035,1295,2390,3180,3340,4495,3925,6380,11450,35480,29754,308,149548,5480,21625,11190,1810,5935,12835,11610,15470
Don Valley West (Ouest),Ontario,39350,1440,3735,5065,5400,4380,4380,6485,10130,45925,34279,694,213265,4940,13350,8245,1125,4830,10045,10920,19515
Durham-Northumberland,Ontario,25770,1235,3265,3020,3250,3745,4005,4625,3160,24372,22872,202,65908,9600,21500,7820,2170,3055,8795,3330,3085
Eglinton-Lawrence,Ontario,32090,1790,3630,4115,4020,3805,3205,4760,6770,29441,23158,344,138113,14690,16470,7150,1660,4060,7900,6820,10820
Elgin,Ontario,23495,1555,3630,3225,3535,3380,2630,3190,2340,22102,19717,238,54289,10610,17955,6785,1945,2830,7185,2630,1945
Erie,Ontario,23610,1500,3535,3090,3435,3055,3420,3420,2805,21249,21249,268,57669,10715,17700,7720,2265,2850,6560,3510,2750
Essex-Kent,Ontario,23915,890,3655,3115,3120,3345,2740,3450,3045,24075,20864,283,65955,13550,17135,6855,1730,2860,6435,3025,2645
Essex-Windsor,Ontario,33225,1985,3625,3265,4045,4495,4130,6305,5400,26178,23977,209,73072,13040,25040,11205,2905,4740,10510,5985,4845
Etobicoke Centre,Ontario,36465,1035,2060,2960,3535,3550,3920,7200,12215,36823,31670,325,138722,9030,22035,11735,2335,6095,12655,9805,12725
Etobicoke North (Nord),Ontario,35550,1805,2765,3010,3645,4285,4810,7985,7985,29458,27413,207,103997,14305,27535,11300,3415,5765,12760,7580,6195
Etobicoke-Lakeshore,Ontario,33925,1940,4555,4435,4585,4285,3905,5295,5010,24362,21602,197,101272,14350,20530,8460,2255,4535,9605,5335,5360
Glengarry-Prescott-Russell,Ontario,25320,1605,3325,3210,3210,2980,2980,3060,5410,23642,21007,228,55989,14750,17795,10360,1895,2500,6435,3870,3040
Grey-Simcoe,Ontario,26110,2110,5030,4385,3780,3260,2775,2885,2075,18713,19825,203,55746,11715,17930,7525,2425,3070,7605,2755,2915
Guelph,Ontario,29295,1945,3545,3635,3770,4020,4235,4235,4425,24994,25609,251,67967,9930,19335,7955,1945,3095,9100,6055,7680
Haldimand-Norfolk,Ontario,30110,1930,2420,3960,4240,4095,3770,4095,6070,25037,22491,277,58983,15720,22295,8545,2695,3195,9080,3540,2910
Halton,Ontario,36735,1405,2575,2835,3010,4140,4345,8285,10150,33212,30069,372,107702,9225,24765,12295,2550,5320,14020,9315,10325
Hamilton East (Est),Ontario,27740,2090,4725,3890,3860,4145,3175,3740,2100,20478,19226,165,44459,17515,20460,7100,2300,3395,6035,2545,1555
Hamilton Mountain,Ontario,31435,1545,3355,3440,3540,4280,4145,6285,4820,26072,24426,219,60630,12205,23510,9985,3250,5045,10860,4435,4225
Hamilton West (Ouest),Ontario,37345,4395,7850,5270,5065,4495,3405,3790,3075,19635,16013,208,52645,16915,18895,7125,2005,4070,7860,5095,7625
Hamilton-Wentworth,Ontario,27205,900,2120,2245,3035,3685,3915,5920,5385,29471,25813,277,78089,8110,20330,9020,2660,3935,10455,4945,6290
Hastings-Frontenac-Lennox and Addington (et),Ontario,22530,1710,4095,3560,3340,3135,2355,2780,1450,19744,17784,208,49348,11265,17550,6915,2165,2335,6560,2340,2305
Huron-Bruce,Ontario,22685,1755,4375,3710,3175,2240,2240,2625,1990,20492,17318,242,51873,11300,16515,6355,2070,2235,7530,2340,2055
Kenora-Rainy River,Ontario,24055,1955,3905,3240,2345,3195,2610,3880,2945,22802,20814,217,46449,13480,18100,6090,1895,2400,6530,3200,2640
Kent,Ontario,27995,2280,4580,4025,3900,3800,2855,3710,3710,21567,20814,215,54453,13175,20690,7570,1925,3355,7710,2980,2995
Kingston and the Islands (et les Îles),Ontario,32070,2545,4890,4250,4065,4510,3425,4680,3605,22526,20285,238,61060,8860,19590,9025,2540,4480,9950,5715,9165
Kitchener,Ontario,40805,1445,5360,5315,5905,7230,3870,5145,5145,23142,24231,213,59256,15560,25940,10655,2615,5245,12855,6530,5795
Lambton-Middlesex,Ontario,24365,1545,3465,3470,3250,3315,2885,3470,2955,23338,21877,277,61899,11645,18400,7660,2255,2875,7885,2580,2440
Lanark-Renfrew-Carleton,Ontario,25870,1865,3905,3205,3060,2900,2900,3985,4175,24672,21851,224,61204,9025,18005,8105,1880,2835,8735,4320,5250
Leeds-Grenville,Ontario,28120,1415,4535,4175,3950,3760,3000,4155,2675,21877,19384,198,53727,9825,20420,8715,2335,3670,9690,4000,3455
Lincoln,Ontario,33105,1755,3555,3455,3705,4960,4495,6425,4745,25634,24084,220,67942,13780,24410,10145,3460,4370,10605,4960,3900
London East (Est),Ontario,31525,2885,5455,5055,4585,3780,3120,3835,2810,20393,17576,173,57151,11705,18940,8185,2515,3915,8265,4890,5540
London West (Ouest),Ontario,46630,3330,6085,6310,6020,5415,4845,7550,7550,25032,21425,196,73500,8360,23275,12020,2410,5950,14775,10150,15580
London-Middlesex,Ontario,26430,1300,2390,3395,4440,3780,3115,5175,3115,25035,23608,198,61825,8525,20340,10350,2730,3690,9455,3615,3055
Mississauga North (Nord),Ontario,59305,2120,3990,4505,5830,14135,7305,9715,14135,31069,29259,172,94711,16620,39880,19010,4510,9145,23320,13745,14255
Mississauga South (Sud),Ontario,39655,1545,2740,3470,4350,4695,4845,7290,10825,32898,28280,285,121685,10400,26795,12275,2725,5860,14870,8530,10635
Nepean-Carleton,Ontario,38015,990,1840,2770,3350,4395,4845,8965,10865,32706,30723,200,79045,5450,23195,12855,2520,6140,15240,11025,15280
Niagara Falls,Ontario,26950,2060,4250,3610,3485,4265,3625,4610,2220,23063,21315,220,56927,12260,20805,9170,2550,3750,8410,4435,3540
Nickel Belt,Ontario,25670,1535,2760,2350,3240,4695,3440,4435,3100,24484,22850,200,50348,13250,21505,8625,2490,3115,7460,3240,2955
Nipissing,Ontario,22495,1770,3930,2880,3145,3035,2455,3330,1725,22058,19917,226,52234,9915,15845,7295,2225,2640,7460,3510,3070
Northumberland,Ontario,25575,1535,4045,3785,3840,4025,3135,3345,2085,21334,19708,186,52868,10435,20425,8045,2615,2945,8410,2990,2495
Ontario (FED-CEF),Ontario,34120,1160,2500,2500,2750,4275,5205,8495,7530,30042,29088,204,88206,8015,25875,12945,3155,5170,14050,6175,5840
Oshawa,Ontario,39200,2085,3845,3845,4495,6215,5310,5555,7555,28336,25851,178,65922,13580,31640,12035,3180,5445,12800,5290,4350
Ottawa Centre,Ontario,37855,2745,5105,4625,4810,4160,3535,5140,7875,27941,26753,223,85483,8210,14505,8190,1470,4375,8570,9500,17865
Ottawa West (Ouest),Ontario,38600,2505,4625,4730,4430,4430,3565,5560,6930,26753,26753,495,72378,8885,19340,10320,1965,4870,10435,7820,10825
Ottawa-Carleton,Ontario,43370,1985,3475,3425,4415,5040,9190,10795,4795,28381,28381,213,77482,9180,24985,15590,2725,6130,14410,11905,16285
Ottawa-Vanier,Ontario,34010,3085,5870,5040,4780,3835,3185,4040,4040,17920,17920,195,67668,11515,16290,9195,1625,3945,7205,6645,10145
Oxford,Ontario,28810,1730,3985,4065,3985,4270,3280,4120,2910,22470,20204,212,60266,13840,22015,8765,2255,2885,6275,3265,3140
Parkdale-High Park,Ontario,34815,3100,5380,5185,4830,4140,3300,4400,4175,22037,22037,185,113844,12500,15900,7145,1480,4030,9430,7505,10225
Parry Sound-Muskoka,Ontario,25470,2090,5480,4660,3670,2935,2365,2550,1725,18813,15646,179,53317,12155,19310,6955,2280,2485,7275,3080,2675
Perth,Ontario,22560,1355,3505,3665,3185,3215,2495,3060,2085,21988,19280,255,56481,10745,16390,6685,1925,2160,6885,2725,2430
Peterborough,Ontario,33250,2210,5035,4830,4515,4695,3775,4795,3365,22154,20024,181,53731,11575,22750,10075,3025,4640,11050,4555,4975
Prince Edward-Hastings,Ontario,20455,1130,2355,3095,2920,3210,2525,2795,1700,21108,20735,256,53896,10620,19185,7790,2190,3135,8690,3150,3550
Renfrew-Nipissing-Pembroke,Ontario,26250,2235,4495,3775,3905,3450,2520,2835,2520,20095,19982,185,44475,14535,19015,8385,2845,2700,7580,3125,3275
Rosedale,Ontario,41615,5630,7630,5175,3900,5175,2975,4375,7425,24673,10837,374,197347,9900,15265,6860,1200,4135,9075,10275,16490
Sarnia-Lambton,Ontario,29610,1840,3685,3025,3100,4135,4490,5060,5060,26254,24271,223,63081,8150,18320,10115,3500,4320,9810,4385,5360
Sault Ste. Marie,Ontario,21950,1650,2805,2025,2055,3205,3095,3730,3400,25499,23884,259,57537,8735,15385,7330,1990,2715,6440,4035,3340
Scarborough Centre,Ontario,28360,1240,2310,3010,3235,3610,3590,5950,5415,27712,25980,205,95076,11040,22765,10585,2420,4370,9350,5275,3750
Scarborough East (Est),Ontario,31310,1545,3175,2740,3010,3315,3460,6010,7390,28432,26580,217,107432,9070,25060,11525,2320,5070,11120,6075,5235
Scarborough West (Ouest),Ontario,30885,2355,4200,3510,3755,3790,3625,5380,4270,24191,22078,206,90221,12470,22695,9095,2315,4265,8375,4665,3975
Simcoe North (Nord),Ontario,28330,1825,4870,4685,4235,3900,3065,2365,2330,21057,18080,233,55591,12265,21355,7615,2660,2990,9910,3095,3070
Simcoe South (Sud),Ontario,32955,1075,3840,4160,4305,4875,4125,5745,4290,24720,22505,190,66229,11260,25650,10455,3075,4755,12215,4885,4440
Spadina,Ontario,28305,2794,4610,4185,3700,3560,2370,3025,3025,23105,18272,280,130336,15145,11225,4865,840,3025,5040,7365,14035
St. Catharines,Ontario,37510,2765,5665,4775,4305,5215,4535,6005,4250,23105,21051,171,54549,14675,26325,10750,3090,4475,10635,5380,5495
St. Paul's,Ontario,35545,1845,4085,4950,4525,3915,2975,3970,9285,35154,22848,512,223497,7355,12025,6215,910,4095,7330,8990,18220
Stormont-Dundas,Ontario,29370,2205,5355,4340,4210,3620,3000,3805,2835,21183,18376,187,53325,14725,21775,9785,2235,3810,8015,3750,3155
Sudbury,Ontario,28705,2820,3380,3380,4110,4455,4495,3395,3395,22661,20772,192,56131,14145,18255,7635,2170,3740,8170,4395,4810
Thunder Bay-Atikokan,Ontario,22205,1275,2885,2425,2505,2840,3845,3845,3560,25594,23557,254,61022,9320,16115,6185,2365,2405,6900,3705,2830
Thunder Bay-Nipigon,Ontario,25185,1655,3005,2745,2370,3545,2865,4790,4040,26154,23932,254,66109,11280,16230,5780,2830,2855,8440,4650,4200
Timiskaming,Ontario,18190,1770,3930,2555,2350,2455,1655,1895,1440,19537,16587,243,38671,11205,13860,4890,1490,1725,4410,1860,1615
Timins-Chapleau,Ontario,20960,1750,2945,1935,2520,3280,3280,3310,1440,23584,21814,245,49373,11670,15710,5755,1965,2080,5980,2450,2150
Trinity,Ontario,22720,2035,3035,3265,3470,3220,2955,2605,2330,21531,19434,194,87787,25660,13850,5260,1255,2565,3755,3130,2980
Victoria-Haliburton,Ontario,31660,2455,6055,4465,4495,3180,3315,3315,3315,19533,16812,192,57054,14185,24365,9070,2730,3390,8800,3465,2720
Waterloo,Ontario,38655,1675,4095,4670,4675,4960,4345,6240,5990,26260,23020,219,72469,15320,22015,10575,2465,4340,10795,8130,9510
Welland,Ontario,27800,1995,4030,4030,3435,3800,4180,4180,3255,23521,21329,218,52526,13680,20415,8510,2065,3445,7295,3715,3525
Wellington-Dufferin-Simcoe,Ontario,27960,1635,3865,3400,3555,4085,4095,4095,4290,21335,21335,230,69462,11690,21640,8705,2620,2780,9050,3850,3540
Willowdale,Ontario,34450,1615,3610,4100,3875,5360,5360,6030,5590,25040,25040,256,125864,10510,20115,9480,1855,4840,10970,8370,10650
Windsor West (Ouest),Ontario,29460,3185,5895,4075,3440,3540,2635,3355,3335,21063,17353,304,61567,12620,18230,7195,1850,3860,6520,5520,5165
Windsor-Walkerville,Ontario,29850,2075,4875,3785,3850,3930,3185,4375,3175,24074,20804,326,63026,12150,19105,8265,2245,4235,7710,5450,5110
York Centre,Ontario,33620,2820,3980,4005,4255,4090,3185,5640,4955,24990,22072,281,100888,18940,23015,9290,2460,4680,9240,6365,5970
York East (Est),Ontario,39035,2160,5725,5725,5360,5095,4655,6280,5175,24287,21631,177,87204,12750,23350,10020,2350,5400,11530,7475,8240
York North (Nord),Ontario,43345,1090,2805,2805,3160,4390,5015,10040,13676,32610,32610,300,139441,12435,28720,13290,3310,7145,17215,11455,14490
York South (Sud)-Weston,Ontario,31425,2215,4195,4085,4085,3710,3710,4580,4580,22693,22693,87,84654,17405,21115,7385,2330,4040,8165,4725,4480
York West (Ouest),Ontario,30175,1950,3175,3175,3965,3885,3885,5245,5245,24572,24118,185,99792,21010,21670,8405,2810,4160,8175,4480,3245
York-Peel,Ontario,34490,1150,2510,2775,5055,4115,4495,7760,7760,31512,28846,258,108158,9825,26325,11405,3185,5430,13555,6750,7045
York-Scarborough,Ontario,85025,4215,10585,7995,7005,8745,14910,14910,15090,29533,29533,201,106297,16530,43245,22755,4255,10880,25095,16320,17570
Manitoba,Manitoba,357985,36115,51210,46270,45415,38885,33505,42725,37885,21721,19086,72,51755,,,,,,,,
Brandon-Souris,Manitoba,25655,2875,4530,3990,4000,3245,2130,2810,1865,19386,16825,201,43051,10860,19820,4590,1170,2825,7560,4470,2980
Churchill,Manitoba,16265,1410,1805,1700,1800,2305,2035,2885,2325,24837,22981,283,36750,10770,13110,2665,1130,1845,4890,2450,2005
Dauphin,Manitoba,18415,3120,4540,3295,2395,1625,1250,1230,875,15770,12252,218,34242,15745,13770,2485,660,1210,3275,1880,1385
Lisgar,Manitoba,20715,2430,3885,3785,3080,2510,1745,1770,1515,18484,15393,233,41568,16295,16895,3645,795,1750,4480,3010,1845
Portage-Marquette,Manitoba,21235,2535,4470,3745,2890,2275,1805,1895,1550,18357,14778,214,37789,13140,17190,3410,780,1770,5155,3040,1940
Provencher,Manitoba,21890,2125,3660,3010,3045,3060,2415,2755,1820,20533,18483,247,49688,17295,17480,3955,1185,2120,5090,2740,2440
Selkirk-Interlake,Manitoba,20730,3560,3560,3000,2745,2450,2115,2605,905,22639,20198,226,50170,13720,17575,3495,1210,2150,5365,2835,1955
St. Boniface,Manitoba,31890,2840,3880,4240,4160,4005,4210,5005,4005,23739,21607,228,59085,8695,22670,7270,1650,4180,9765,6765,6535
Winnipeg North (Nord),Manitoba,31040,2995,4045,4355,4080,5005,5005,4740,2340,22087,21607,193,52422,14885,23305,6595,1965,3765,7650,5615,4190
Winnipeg North Centre (Nord-Centre),Manitoba,26065,5310,5970,4420,3465,2815,1695,1485,905,14713,11863,159,37694,14640,15240,3675,1160,2680,4325,3705,2760
Winnipeg-Assiniboine,Manitoba,32485,1280,2350,3025,3430,4070,4070,6580,7895,31625,27448,300,76948,5440,22375,7530,1950,4705,11320,9905,10545
Winnipeg-Birds Hill,Manitoba,33885,2055,3630,4010,4805,5200,4310,5875,3810,23912,22547,163,58856,11205,27020,8055,2305,4700,10925,6150,4235
Winnipeg-Fort Garry,Manitoba,33595,3010,4585,4770,4260,4245,4615,4785,4785,23727,20186,207,62085,6755,17470,6265,1265,4195,8470,9335,11510
Winnipeg-St. James,Manitoba,24110,2430,3705,4140,3580,3005,2870,2870,1750,19624,17457,174,44312,9920,15475,4855,1410,3120,6545,4680,3285
Saskatchewan,Saskatchewan,332710,27660,57250,46270,42665,38590,33365,42150,43770,22537,19086,69,51143,,,,,,,,
Assiniboia,Saskatchewan,20865,1365,3355,3270,2835,2115,1595,2660,3140,20865,24504,385,43319,10075,17230,3770,930,2010,5545,3525,1755
Humboldt-Lake Centre,Saskatchewan,21050,1955,4465,3790,2745,2480,1745,1950,1955,19385,18380,303,41007,14420,15920,3300,825,1925,4770,3605,1665
Kindersley-Lloydminster,Saskatchewan,21875,1545,3270,2790,3020,2885,2335,2590,3245,24284,20297,284,47086,10350,18245,4000,910,2420,6140,4095,1805
Mackenzie,Saskatchewan,18135,1865,4015,2790,2420,2030,1525,1865,1630,19500,15790,281,37359,13510,13860,2715,780,1510,3990,2675,1425
Moose Jaw,Saskatchewan,22155,1470,3860,3080,2965,2875,2240,3070,2600,22488,19485,242,44684,8680,16900,4230,1390,2840,6785,3810,2440
Prince Albert,Saskatchewan,23470,2430,4735,3360,2805,2550,2180,2990,2415,20852,17095,246,46852,15060,16735,4020,1140,2595,6095,3850,2560
Qu'Appelle-Moose Mountain,Saskatchewan,18990,1685,4115,3400,2515,1700,1460,1780,2415,19937,15555,277,36105,11420,15305,3080,850,1550,4230,2980,1350
Regina East (Est),Saskatchewan,29575,2200,4130,3550,3600,4520,3145,4610,4785,24812,21771,228,59934,10590,19430,6300,1650,3250,8395,7025,5595
Regina West (Ouest),Saskatchewan,32275,1905,3295,3580,3890,4210,4050,6090,5275,26508,24126,221,60289,8250,20940,7800,1930,4320,9790,8930,6580
Saskatoon East (Est),Saskatchewan,27965,1865,3635,3565,3385,3105,2835,4375,5205,28354,22407,279,74726,5980,15105,5345,1370,3270,9155,9320,9410
Saskatoon West (Ouest),Saskatchewan,36080,3050,5405,4880,4815,4775,4115,5120,3925,22194,19881,175,84585,14355,24080,6830,1625,4815,11540,7095,4640
Swift Current-Maple Creek,Saskatchewan,18285,1405,2980,3400,3440,1865,1730,1730,1995,24383,19786,315,41877,9485,15000,3390,875,1900,4905,3200,1435
The Battlefords-Meadow Lake,Saskatchewan,19560,2150,4020,3115,2420,2045,1725,2100,1995,20052,15878,260,43780,14445,15445,2885,760,1710,4690,2925,1780
Yorkton-Melville,Saskatchewan,22815,2790,5075,6075,1695,1895,1725,2100,2100,13566,15878,366,41631,18000,16135,3470,960,1610,4320,2775,1580
Alberta,Alberta,758240,44895,84705,85975,87190,82110,66555,132525,156260,27969,24547,56,94179,,,,,,,,
Athabasca,Alberta,26965,2165,3180,2855,2760,2755,2820,4640,5785,26814,24593,258,65762,12745,21145,5170,2440,3285,10065,3815,3790
Bow River,Alberta,34675,3535,3540,4065,4130,3905,3905,5825,5785,25117,24672,341,112895,8780,26435,9065,2105,5460,13275,7315,6505
Calgary Centre,Alberta,42205,3535,7130,6820,5845,4800,3745,4585,5745,23697,17939,286,136978,6450,17905,7425,1820,5755,11235,9505,12530
Calgary East (Est),Alberta,49070,2480,3825,4580,5390,6380,6655,10610,9170,27533,26446,161,87780,12890,38955,13230,3755,8480,19610,9275,6755
Calgary North (Nord),Alberta,36775,1210,2775,3630,3635,3795,4110,9835,7785,29000,29000,228,108024,6915,23420,8455,2255,6585,15290,9880,11630
Calgary South (Sud),Alberta,45230,1325,2400,2940,3785,4580,4580,9745,15080,38392,32836,374,135412,5140,28675,12230,2935,7785,18735,13400,16370
Calgary West (Ouest),Alberta,35645,1525,3095,3380,3940,3875,3695,6350,9790,32248,27501,281,123544,5540,22350,8465,2385,6070,13390,9810,12925
Crowfoot,Alberta,22610,1690,3410,3410,2620,2195,2975,2975,3955,22610,19701,279,56459,8930,19245,5415,1325,2515,7010,2890,2275
Edmonton East (Est),Alberta,39285,3515,7075,6045,5260,4895,3510,4870,4120,21013,17760,174,91872,14035,21400,7320,1945,5390,10340,5985,6190
Edmonton North (Nord),Alberta,40575,2130,3055,3805,4565,4880,4995,8895,8255,28199,26682,178,89763,12080,31575,12595,3155,6550,16180,6750,5725
Edmonton South (Sud),Alberta,37285,1845,3160,3640,3690,3500,3095,6315,12025,35158,28453,341,134870,4575,19235,8600,1855,5160,13045,11625,18700
Edmonton West (Ouest),Alberta,37850,2515,4225,4870,4600,4255,3930,6295,7160,26305,23206,205,99019,8580,23615,9380,2520,5930,13990,7440,7525
Edmonton-Strathcona,Alberta,41450,1845,3620,4325,4400,5225,5440,8060,7160,28743,26300,188,95222,9170,24610,10640,2745,6990,16020,8445,10950
Lethbridge-Foothills,Alberta,34140,2220,5005,4490,4430,4320,4765,4955,4800,24208,21018,220,68691,11620,25010,7265,2025,5210,11815,6810,5145
Medicine Hat,Alberta,32240,1960,4320,4020,4235,4185,4110,5335,4735,25113,21788,242,66619,12955,26045,7330,1820,4425,10295,5025,3715
Peace River,Alberta,30080,2280,4175,3785,3535,3250,3145,4395,5530,25675,21914,257,63378,14280,24510,7080,1925,3750,9870,4070,3625
Pembina,Alberta,39940,1485,2630,2875,3015,4110,4705,9530,11590,32758,30972,216,101098,8685,30750,11660,3015,5765,18135,7480,9325
Red Deer,Alberta,39190,2710,5005,5130,4570,4965,4450,6100,6265,25269,22050,229,75909,10920,30810,9880,2660,5575,14680,5855,5020
Vegreville,Alberta,27295,2450,3940,3850,3465,3480,3395,3290,5005,22263,18294,252,63765,14520,22060,5770,1445,2825,8045,3105,3260
Wetaskiwin,Alberta,29835,1960,3940,3465,3395,3395,4935,4935,4735,22752,22752,269,81055,11185,24485,7435,2115,3960,10170,4075,3590
Yellowhead,Alberta,35910,2170,3920,3490,3545,3460,4270,7005,7040,27653,25397,210,80484,12665,30330,9375,2490,4350,12775,4645,4455
British Columbia - Colombie-Britannique,British Columbia,996645,66235,131925,115690,108930,121585,110010,165925,176355,26171,23042,45,128081,,,,,,,,
Burnaby,British Columbia,40485,2580,5355,4695,4240,4735,4120,7995,7995,26754,23437,210,163832,9275,25130,10825,2625,5945,13685,9535,6715
Capilano,British Columbia,34765,1630,3630,3430,3330,3450,3480,5180,11195,35638,28018,398,250763,3590,16155,8910,1535,5185,11360,12330,12525
Cariboo-Chilcotin,British Columbia,27650,2390,3260,2795,3040,3950,3720,4605,4287,23000,23000,213,74838,10275,23260,7610,2280,2935,8440,4440,2665
Comox-Powell River,British Columbia,42080,3025,5120,4785,4765,5380,4270,7005,8110,25068,23595,184,86480,11175,31950,11405,3275,5175,14945,8075,5155
Cowichan-Malahat-The Islands (Les Îles),British Columbia,35075,2090,2600,4150,4290,3985,3875,6770,7080,26225,24739,191,104482,8470,27480,9030,2920,4555,11505,7040,4865
Esquimalt-Saanich,British Columbia,40840,1910,7515,4670,4990,4540,4540,6895,7210,27208,27411,204,137891,7610,27055,11060,3375,5940,14420,10855,9230
Fraser Valley East (Est),British Columbia,37395,2535,5895,4850,4780,4735,4060,5530,5005,23749,20592,265,104219,14465,27380,9725,2600,5240,12070,6435,4125
Fraser Valley West (Ouest),British Columbia,42975,1540,7325,4130,4800,4850,5495,8330,8330,29458,24626,190,145461,12350,33850,11735,3090,6305,14980,8105,4575
Kamloops-Shuswap,British Columbia,36735,2560,4875,4075,3650,4750,4430,6560,5725,25431,23218,209,85928,10905,27670,9650,3020,5240,13415,6460,4260
Kootenay East (Est)-Revelstoke,British Columbia,27560,1805,3355,2905,3725,4015,3580,4980,4510,25802,24104,227,68157,8690,20905,7200,2055,3505,9535,4480,3025
Kootenay West (Ouest),British Columbia,23435,1695,2710,2380,2690,3410,2895,3890,3100,23729,22309,211,67336,7885,15135,5530,1880,2620,8350,5015,3125
Mission-Port Moody,British Columbia,38860,2325,3955,3375,3335,3455,4765,8215,7885,27828,25358,185,137776,8880,28480,11235,2765,5685,15220,8690,5505
Nanaimo-Alberni,British Columbia,40300,3065,5625,4800,4070,4610,4255,6255,6825,24889,22504,185,94795,11420,30900,9765,3300,5255,12950,7410,4760
New Westminster-Coquitlam,British Columbia,34370,2330,4985,4130,4240,3910,3910,5480,5850,25386,21839,226,142257,8150,22770,8430,2205,4680,10395,7380,5015
North Vancouver-Burnaby,British Columbia,30515,1240,2540,2800,2675,3120,3500,6125,8515,31400,29053,253,182446,6085,19705,9300,2005,5005,11045,9060,7145
Okanagan North (Nord),British Columbia,43935,3130,7515,6230,5260,5670,4470,5845,5845,22920,18983,187,104534,16100,32005,9390,3270,6015,14890,7855,4640
Okanagan-Similkameen,British Columbia,35315,2350,6460,5260,4505,4325,3785,3785,5845,19843,18983,198,86128,13800,26060,7535,2480,4275,11315,5640,3595
Prince George-Bulkley Valley,British Columbia,29675,1895,2525,2500,3030,4090,3985,5850,5800,27828,25840,215,72206,10340,22735,8310,2015,4015,10230,5150,3760
Prince George-Peace River,British Columbia,25540,1960,2285,2380,2220,3215,3205,4715,5560,27804,25949,248,68715,9245,20950,6735,1875,3325,8615,4230,2670
Richmond-South Delta (Sud),British Columbia,42825,1645,3235,3045,3830,4655,4050,9210,12005,32315,29875,224,173387,8390,29115,13335,2935,7105,16955,11510,9515
Skeena,British Columbia,22700,1255,1665,1860,2100,3020,3870,4715,5125,28355,27379,250,73253,8685,17965,6250,1785,2820,8110,4355,3035
Surrey-White Rock-North Delta (Nord),British Columbia,45860,2560,4890,4335,4415,5515,5835,9215,9090,27941,26057,200,137049,10750,33295,13975,3150,6810,17635,9810,6225
Vancouver Centre,British Columbia,51310,5085,9410,8000,6415,4110,4620,4220,9770,19770,15889,190,189244,7305,15325,7945,1670,5885,12455,12970,14690
Vancouver East (Est),British Columbia,32675,4195,6745,4680,4040,3625,3055,3515,2815,18750,15765,162,135926,17360,18450,7025,1575,4360,7580,6560,4450
Vancouver Kingsway,British Columbia,28645,1980,4145,3250,3185,3475,3070,4865,4675,24598,22477,197,143903,15595,21665,7765,1720,4540,8615,6155,3805
Vancouver Quadra,British Columbia,30100,1380,3640,3170,3095,2910,2650,4430,8845,34762,26388,448,249457,5755,13825,6340,1030,4350,7950,11170,15720
Vancouver South,British Columbia,31915,1770,3890,3530,3420,3410,3100,5055,7735,30999,24912,344,213874,9195,18925,7805,1585,4750,8885,9885,9720
Victoria,British Columbia,43260,3330,9100,7455,5860,4865,3385,4530,4735,21015,16346,190,132518,7900,21510,8230,1870,5425,11290,10360,9300
Yukon,Yukon,7585,535,625,660,760,755,790,1385,2090,29807,27718,231,61528,2125,4685,1915,480,1020,3365,1885,1520
Northwest Territories - Territoires du Nord-Ouest,Northwest Territories,11530,985,1265,1170,1305,1310,1225,1970,2305,26359,23884,,49123,,,,,,,,
Nunatsiaq,Nunavut,3440,350,530,500,465,400,325,415,460,21771,18520,,61266,5530,1640,275,195,495,850,385,465
Western Arctic,Northwest Territories,8090,635,740,670,835,905,675,1560,1850,28313,26447,,48519,5100,4985,1645,560,1105,3000,1715,1715
